Feature,Importance
Lag_12,0.4869245094730967
Month,0.24420139171325758
Trend,0.08310637062338382
YoY_Growth,0.03272236672861425
RollingMean_6,0.03240482593038935
Lag_2,0.031178592174812083
Lag_6,0.02191253213125007
RollingMean_3,0.01947246986914318
Lag_3,0.013613686599003952
Lag_1,0.012898966784752249
Quarter,0.010655388089834322
RollingStd_3,0.008213207527555121
Year,0.0026956923549073097
